gene,ctrl differences,FDR,fold
HP0002,1,0.104,0.753758734
HP0005,3,0.736,0.943601177
HP0009,2,2.95e-15,0.209001088
HP0010,3,1.15e-05,0.29311523
HP0012,1,5.91e-07,2.430416185
HP0014,1,0.0253,0.674325221
HP0020,1,0.145,1.242026786
HP0022,2,4.69e-06,2.289757878
HP0026,2,0.0137,0.63760824
HP0033,3,0.114,1.258467016
HP0037,1,0.303,1.325847
HP0038,1,1.23e-08,0.339946861
HP0040,2,0.98,0.982832064
HP0045,1,0.514,0.879872846
HP0047,2,0.961,1.013692708
HP0048,2,0.163,1.446169819
HP0050,1,0.409,1.890366338
HP0051,1,0.000338,2.601210092
HP0052,1,0.0197,2.271220487
HP0054,2,0.276,0.83415741
HP0056,3,1.74e-11,0.371986282
HP0058,1,0.000282,1.831665978
HP0062,1,0.438,0.864901125
HP0063,2,0.446,0.889770764
HP0065,2,0.724,0.944020345
HP0066,3,0.438,1.137013351
HP0068,1,0.638,0.87829418
HP0074,1,4.81e-06,1.900416439
HP0075,2,0.17,1.232013058
HP0077,1,0.0764,1.346101027
HP0080,1,0.278,1.187290865
HP0082,3,0.0443,0.75843106
HP0086,1,0.335,1.202034133
HP0087,1,1.45e-05,1.903748997
HP0088,3,0.249,1.241551617
HP0089,1,3.42e-18,0.258882594
HP0090,1,0.00844,0.640165195
HP0094,2,4.24e-20,4.157378216
HP0095,1,1.0,1.000368962
HP0096,1,0.000113,0.595091769
HP0097,1,1.02e-34,0.108970001
HP0099,4,0.489,0.880145827
HP0101,1,8.72e-07,3.383335176
HP0104,3,0.135,0.793780442
HP0105,1,0.364,1.19412641
HP0106,1,7.55e-10,2.695742914
HP0108,1,0.000739,0.593652733
HP0109,2,0.00142,0.567322437
HP0112,1,0.0215,1.397297156
HP0113,1,0.0155,0.673328422
HP0114,1,0.195,0.450563849
HP0115,4,0.0146,0.385993963
HP0117,2,9.82e-09,2.506011289
HP0119,2,8.82e-08,2.301460662
HP0130,1,0.128,0.735993174
HP0133,2,0.000477,0.61362613
HP0134,1,0.736,1.056660449
HP0136,1,0.966,0.989095119
HP0140,1,1.62e-52,0.090763983
HP0141,1,0.691,0.937166912
HP0142,1,0.00218,1.683195282
HP0143,2,0.369,0.857052554
HP0145,1,6.05e-05,0.496307171
HP0147,2,0.024,0.66649223
HP0152,4,0.725,1.060724291
HP0153,1,1.38e-06,0.462545561
HP0154,1,9.17e-05,0.536746508
HP0157,1,0.00239,1.556796558
HP0160,1,0.000194,0.531397862
HP0162,1,0.0488,0.710325453
HP0163,2,0.923,1.018763377
HP0168,1,8.82e-06,1.944780658
HP0169,2,0.214,1.212263121
HP0171,2,0.4,1.136671503
HP0174,1,2.23e-05,2.040723619
HP0175,1,0.0831,0.679765362
HP0176,3,0.0586,0.663945486
HP0177,2,0.438,0.753896842
HP0178,1,0.103,0.792293134
HP0181,2,0.00749,1.583094027
HP0183,2,0.818,0.95250689
HP0186,3,0.329,1.170741578
HP0187,1,0.632,0.895596469
HP0190,1,0.26,0.846258442
HP0191,2,0.0763,0.723381139
HP0192,2,0.0439,0.694670747
HP0193,1,0.0916,0.740673416
HP0196,1,0.242,0.824283175
HP0202,1,0.0446,1.4407251
HP0203,1,0.741,1.072926144
HP0205,3,0.154,2.707803208
HP0208,2,0.000329,2.025521492
HP0209,1,0.0475,2.007696394
HP0212,2,0.000364,0.617670872
HP0214,1,3.53e-10,0.417416628
HP0220,3,0.000996,1.809070973
HP0223,2,0.00852,1.56332682
HP0224,1,8.28e-08,0.395092699
HP0226,1,0.276,0.843359139
HP0227,1,0.00172,1.592169903
HP0229,1,3.41e-14,0.264759873
HP0233,1,0.724,1.076867031
HP0234,1,0.611,1.1105411
HP0236,1,0.0498,1.691362704
HP0237,1,2.07e-05,2.087486433
HP0238,6,9.83e-05,1.81589885
HP0239,1,2.39e-06,2.052437685
HP0240,1,9.84e-11,2.617173376
HP0241,1,1.71e-13,3.643985684
HP0242,1,0.00361,2.367379431
HP0244,1,6.2e-05,1.761083726
HP0247,1,5.24e-05,0.559785476
HP0248,1,5.33e-07,0.459891919
HP0250,1,0.067,1.330240041
HP0255,1,0.736,0.935382232
HP0259,2,0.88,0.954272786
HP0264,3,1.09e-07,0.477436685
HP0266,1,0.594,0.909540093
HP0267,2,0.00284,0.66893632
HP0269,1,0.159,0.777905848
HP0271,3,4.96e-06,1.967423696
HP0275,1,0.201,0.813211689
HP0278,1,8.61e-07,2.118022236
HP0281,2,0.176,1.32421258
HP0282,1,6.17e-05,1.952638707
HP0284,1,0.294,1.265090152
HP0286,2,8.77e-07,2.183041033
HP0287,3,1.01e-10,2.851287428
HP0288,2,0.802,1.053564162
HP0289,1,0.00263,1.780961064
HP0292,1,6.39e-08,2.320813954
HP0293,2,3.62e-05,3.054077645
HP0294,1,0.502,0.875220721
HP0295,3,0.908,0.930743102
HP0296,1,0.00315,2.141269784
HP0299,1,4.77e-36,0.163261155
HP0301,2,7.14e-31,0.19283823
HP0306,1,0.00192,1.734076634
HP0307,1,4.48e-15,3.25158393
HP0312,3,0.00218,0.625399362
HP0313,1,0.29,1.175760867
HP0317,2,0.00022,0.495742054
HP0326,1,4.06e-12,2.808756651
HP0328,1,0.000406,1.743788914
HP0329,1,0.416,1.207296313
HP0330,1,0.204,0.793012672
HP0331,1,0.0125,0.65446267
HP0332,1,0.166,0.773382844
HP0340,1,0.672,0.879953717
HP0343,1,0.252,0.416704927
HP0346,1,2.23e-13,4.547939687
HP0347,2,0.0452,2.082889168
HP0349,3,0.961,0.988924096
HP0351,3,0.0305,1.382814806
HP0352,1,0.601,1.088680482
HP0353,2,0.00198,1.570157859
HP0354,1,0.859,1.032711623
HP0356,1,0.863,0.963075767
HP0363,1,0.094,1.284018343
HP0364,3,0.583,1.104281921
HP0368,1,3.39e-05,2.16204147
HP0370,1,0.324,0.83417651
HP0372,1,0.2,0.787497513
HP0375,1,1.3e-07,0.418924347
HP0377,1,0.0188,0.668840771
HP0378,1,0.966,0.990868266
HP0379,2,0.803,1.042998224
HP0380,1,0.608,1.099912496
HP0385,1,0.0117,0.693066209
HP0387,2,0.00199,1.851119577
HP0388,1,0.713,0.924784397
HP0392,2,0.0927,0.736130106
HP0394,2,0.154,1.616776192
HP0396,2,0.432,1.137843247
HP0397,2,0.684,0.926288182
HP0398,1,0.418,1.15208715
HP0399,1,0.119,0.749750231
HP0402,3,0.000899,1.590041897
HP0403,1,0.000216,1.760284704
HP0407,3,0.935,0.983238119
HP0409,4,5.55e-09,0.414186187
HP0413,1,8.86e-06,4.188071952
HP0415,1,1.05e-06,1.987567043
HP0417,1,0.0322,0.713041521
HP0420,1,0.0241,1.396511999
HP0421,2,0.289,1.183215165
HP0423,1,0.166,1.254094182
HP0424,1,0.635,1.143998784
HP0425,1,0.966,0.988240319
HP0426,1,0.616,0.862285544
HP0433,1,0.684,1.116339375
HP0434,1,0.772,1.221232857
HP0435,1,0.26,1.577730934
HP0438,1,0.249,1.234732256
HP0439,1,0.38,1.261347362
HP0440,1,0.645,0.824786011
HP0441,1,0.444,1.50655252
HP0444,1,0.83,1.075693758
HP0445,1,0.117,0.785305417
HP0452,2,0.183,1.774058551
HP0453,3,0.0839,2.900213753
HP0459,1,0.285,1.9913062
HP0463,1,0.853,0.900410816
HP0464,3,0.065,1.871028867
HP0465,2,0.0568,1.964761003
HP0466,1,0.911,1.021647163
HP0467,2,0.128,1.313301718
HP0468,1,0.925,1.018360167
HP0471,1,0.954,0.987573763
HP0473,2,0.0604,1.408805987
HP0474,1,0.0711,1.734747818
HP0475,2,0.0322,1.622456843
HP0476,1,0.0253,0.725514866
HP0478,2,0.182,1.547304103
HP0479,1,0.152,1.889372052
HP0480,1,0.00255,0.588430452
HP0483,1,3.94e-06,2.588672966
HP0486,1,0.0566,1.551305336
HP0487,1,0.0855,1.372004562
HP0488,2,0.0449,1.744389281
HP0489,1,0.87,1.146771677
HP0490,2,0.818,1.042460414
HP0491,1,0.312,0.758207621
HP0493,1,0.807,1.051683488
HP0494,1,0.75,0.906175805
HP0498,1,0.0285,0.711245237
HP0499,2,0.0616,1.476901976
HP0500,1,0.00423,0.634775041
HP0501,2,0.117,0.773181764
HP0505,2,2.51e-06,2.636291178
HP0506,3,0.00865,0.685990208
HP0508,1,1.77e-05,0.550467633
HP0510,2,3.25e-11,0.354238414
HP0512,3,0.00263,0.589594553
HP0514,1,0.0321,0.678921616
HP0515,2,0.000135,0.538774093
HP0516,2,0.00842,0.669579777
HP0517,1,0.966,1.009508424
HP0519,1,0.205,1.295856123
HP0520,1,0.00139,0.536244571
HP0522,1,0.00234,0.60912779
HP0524,2,0.437,0.884247997
HP0525,1,0.0155,0.685587555
HP0527,1,0.531,0.897928738
HP0528,1,0.14,1.251762087
HP0534,1,0.000783,0.623603476
HP0539,1,2.3e-05,2.914418553
HP0541,2,0.0888,0.736784041
HP0542,1,0.00179,0.576776515
HP0543,1,8.17e-06,0.464683224
HP0544,3,0.54,1.108319772
HP0547,2,0.0201,0.569671442
HP0551,1,0.04,0.668234898
HP0554,1,0.427,1.153534109
HP0557,1,0.957,1.014336736
HP0564,2,0.000227,0.303683652
HP0566,2,0.0312,0.731631892
HP0567,2,0.227,1.39140041
HP0568,2,0.000129,0.546168146
HP0569,2,3.24e-05,0.482590176
HP0570,2,3.1e-11,0.319220692
HP0572,1,7.53e-07,0.435597037
HP0574,2,0.00269,0.654638678
HP0578,1,0.495,0.714669231
HP0580,1,0.88,0.945372087
HP0582,2,0.0306,0.671945016
HP0586,1,0.165,1.372969147
HP0587,1,0.0898,1.39345574
HP0588,1,0.529,1.141868083
HP0591,2,0.517,0.878761014
HP0592,2,0.678,1.100980782
HP0593,2,0.00332,0.573557399
HP0596,2,0.00163,0.510947123
HP0600,3,0.0132,1.74763968
HP0603,1,0.928,1.036051379
HP0607,3,4.29e-05,0.557282088
HP0609,3,4.8e-05,0.566935599
HP0610,5,0.0166,0.710267997
HP0613,1,4.37e-28,0.210145713
HP0615,1,0.129,0.808603847
HP0616,1,0.0189,1.421417722
HP0617,2,0.023,0.710519401
HP0621,3,0.26,1.33375205
HP0623,4,1.71e-05,1.952659201
HP0625,1,0.00621,1.480112677
HP0626,2,0.761,0.952135301
HP0628,1,2.9e-05,1.811792905
HP0629,1,0.0457,1.331094177
HP0632,1,0.0487,1.415368261
HP0635,1,1.37e-07,2.163415923
HP0636,1,0.169,0.772192122
HP0640,1,0.000237,2.893794543
HP0643,1,0.271,1.208978215
HP0645,3,0.0821,1.505555745
HP0646,1,1.72e-07,0.489319786
HP0648,1,0.443,0.869914286
HP0649,1,0.000953,0.560536138
HP0651,1,0.638,1.081422371
HP0654,1,0.0723,0.771332118
HP0655,2,0.171,0.803904359
HP0657,3,2.43e-09,0.402123338
HP0658,1,3.9e-05,0.502899212
HP0659,1,0.0303,0.712374145
HP0661,1,0.037,1.446737186
HP0662,2,0.195,0.693790265
HP0664,1,0.429,0.879705782
HP0666,2,0.00555,1.645189462
HP0667,1,0.886,0.970149349
HP0668,1,0.0197,1.591876959
HP0669,3,0.495,1.228028148
HP0670,1,0.233,1.546277738
HP0673,2,0.00229,0.618655856
HP0675,2,0.142,1.559225711
HP0679,1,0.586,0.905855714
HP0685,1,1.6300000000000001e-21,0.254553145
HP0687,1,0.34,1.188747178
HP0691,1,1.41e-08,0.379259962
HP0693,1,6.6e-10,0.422243112
HP0695,2,3.81e-11,0.260041787
HP0696,2,2.62e-11,0.273400671
HP0699,1,0.103,1.262278315
HP0701,2,0.00056,0.619242071
HP0705,2,0.737,1.075243205
HP0707,1,6.43e-05,1.880740493
HP0709,1,2.92e-75,0.051866224
HP0710,1,1.11e-33,0.156364396
HP0711,1,0.778,0.924886105
HP0717,3,0.977,1.006347084
HP0723,1,0.987,0.996448386
HP0725,2,7.91e-23,0.247461277
HP0726,1,0.000119,1.810995846
HP0727,1,0.0557,1.349981491
HP0728,1,0.322,1.482840303
HP0729,1,0.169,1.211926282
HP0730,1,0.709,0.926970724
HP0731,3,0.121,1.317849696
HP0733,3,0.0212,1.952514707
HP0734,1,0.00491,1.46089716
HP0740,1,0.0591,1.338228848
HP0742,2,0.0277,0.714200504
HP0743,1,0.878,0.96734007
HP0744,1,0.106,0.701694552
HP0752,4,0.00131,1.801009558
HP0758,1,5.91e-06,1.97093447
HP0759,3,0.000127,1.993726226
HP0761,1,4.61e-07,2.419062009
HP0763,1,0.0807,0.773633778
HP0764,2,0.349,1.202735884
HP0766,1,8.92e-05,1.866519975
HP0773,1,0.873,1.032555828
HP0774,1,0.13,1.268582455
HP0775,2,0.000277,1.67924103
HP0779,3,0.0345,0.681830729
HP0780,1,0.206,0.784922466
HP0781,1,0.647,1.079225757
HP0786,2,0.183,0.818707036
HP0789,1,0.00306,0.591390164
HP0790,4,0.0117,1.453389378
HP0791,2,0.4,1.144879879
HP0792,2,1.27e-06,1.988527593
HP0795,2,0.0138,0.643492828
HP0804,1,4.33e-10,0.409096347
HP0807,1,5.63e-13,0.405212781
HP0808,3,0.104,1.375327102
HP0810,1,0.769,1.102338416
HP0813,1,0.00589,1.48541341
HP0815,3,0.0198,1.389177086
HP0818,1,0.0613,0.70482564
HP0821,1,0.00161,2.246951717
HP0822,1,0.164,0.800256391
HP0825,1,0.00234,0.468305152
HP0826,1,0.00203,1.65103965
HP0828,2,0.00147,0.571761497
HP0830,1,1.27e-06,0.490346474
HP0832,1,0.00157,0.59542859
HP0839,3,0.41,1.152253645
HP0845,2,0.179,1.267735835
HP0846,1,0.586,1.490434024
HP0847,1,0.63,0.678595528
HP0850,1,0.0697,0.774075539
HP0851,1,0.463,0.890616262
HP0858,2,0.000241,0.598897928
HP0859,1,8.47e-05,0.577721594
HP0867,2,9.46e-07,2.137970511
HP0868,1,0.00143,1.616202972
HP0869,2,0.0188,1.532751967
HP0870,4,1.42e-17,0.087817354
HP0871,2,2.93e-52,0.057827784
HP0875,1,0.437,0.796379945
HP0876,2,2.55e-20,0.199713384
HP0879,1,0.438,0.858989057
HP0883,1,0.405,1.155008331
HP0885,1,0.0353,1.673876913
HP0887,8,8.23e-44,0.022144004
HP0889,3,0.000162,1.73739964
HP0897,1,0.000414,1.837525695
HP0900,1,0.598,1.12409893
HP0906,1,0.484,0.541853202
HP0908,3,0.209,1.190328259
HP0910,1,0.0716,1.411286708
HP0911,1,0.0506,1.687614971
HP0912,1,8.56e-06,0.442725603
HP0914,1,3.83e-12,0.347780389
HP0918,1,0.00193,0.645925688
HP0919,4,7.48e-13,0.378270431
HP0922,12,1.23e-08,3.289870395
HP0923,2,0.238,1.216094746
HP0924,1,0.786,0.915454018
HP0925,1,0.586,1.122196755
HP0928,1,1.14e-07,0.453868279
HP0931,2,1.0,1.000065451
HP0933,1,0.00289,1.544868943
HP0937,1,0.0203,1.406463786
HP0942,2,3.79e-12,0.416534252
HP0943,2,2.5e-11,0.380184982
HP0944,1,7.19e-11,0.327163947
HP0949,1,0.000652,1.643342016
HP0950,2,0.113,1.317817174
HP0951,3,2.83e-07,2.26415561
HP0952,1,0.0678,1.316557534
HP0953,2,0.559,0.8878997
HP0957,1,0.129,0.789717008
HP0958,1,0.0138,0.642900321
HP0960,1,0.11,1.276410949
HP0963,1,0.185,1.608630667
HP0964,2,0.963,1.01547041
HP0965,4,0.261,0.804917327
HP0966,1,0.195,0.789050967
HP0969,4,0.0602,1.482249109
HP0970,3,0.0289,1.565837048
HP0971,1,0.00015,1.969007353
HP0972,2,1.24e-05,1.769019461
HP0973,1,0.016,0.66743915
HP0974,1,0.557,1.096090285
HP0976,2,0.482,0.871324306
HP0982,2,0.204,1.26362018
HP0986,1,2.17e-06,2.100935393
HP0988,2,0.83,1.058107817
HP0994,1,0.545,0.900798772
HP0996,2,9.41e-36,0.156205555
HP0997,1,0.249,1.234732256
HP0998,1,0.83,1.058107817
HP1000,1,0.11,0.647810388
HP1007,1,7.33e-09,2.251414568
HP1011,1,0.0101,0.672309837
HP1013,1,0.222,1.193096483
HP1017,1,0.88,1.027614186
HP1019,1,0.112,1.345541628
HP1020,3,1.46e-05,2.133396171
HP1021,1,9.33e-06,2.079563209
HP1026,1,0.508,1.152661955
HP1031,1,1.23e-05,2.033411814
HP1039,1,0.966,1.009742929
HP1041,1,1.25e-05,1.88134586
HP1043,1,0.611,0.900495855
HP1047,1,0.0276,1.494183422
HP1048,4,0.00208,1.653896092
HP1050,2,1.14e-07,2.524517163
HP1055,1,0.925,1.023336493
HP1058,3,4.53e-05,0.539866453
HP1061,1,5.22e-06,2.006651292
HP1062,2,0.000161,2.563660037
HP1077,2,1.23e-05,0.508589409
HP1079,1,0.0738,1.306840337
HP1080,1,0.0165,1.992789896
HP1082,1,0.0245,1.444915249
HP1083,3,7.44e-50,0.083182063
HP1085,1,1.39e-15,3.045095118
HP1088,1,0.539,0.905762271
HP1089,2,0.0349,1.396134255
HP1095,1,0.249,1.234732256
HP1099,1,7.33e-09,0.423469106
HP1103,2,2.9e-05,0.577360177
HP1104,1,0.00147,1.754267828
HP1105,2,8.96e-06,1.959887487
HP1111,1,0.79,0.942499564
HP1112,1,0.732,1.058640281
HP1113,1,0.000899,1.607092546
HP1114,3,0.00491,1.5113838
HP1116,3,0.0449,1.744389281
HP1118,3,0.00139,0.569731977
HP1119,2,0.128,0.515881953
HP1138,1,0.869,1.036621115
HP1143,1,0.00243,0.436705298
HP1150,1,0.961,0.987120127
HP1153,4,0.645,0.925918129
HP1156,1,0.166,0.820094063
HP1157,2,0.151,0.814194215
HP1158,2,0.478,0.897492562
HP1160,1,0.345,1.175757229
HP1163,1,5.79e-06,2.390295176
HP1166,1,0.00172,1.53167229
HP1169,1,1.78e-08,2.811242339
HP1170,1,1.65e-05,2.408016505
HP1171,2,0.000225,1.771095766
HP1173,1,0.859,1.041936052
HP1175,1,7.09e-29,0.242244884
HP1177,2,6.15e-45,0.062513165
HP1180,5,2.5e-17,0.30703776
HP1181,1,0.00132,1.687666027
HP1183,1,0.416,0.877970621
HP1188,3,1.32e-12,2.997651774
HP1191,1,0.00558,1.609441211
HP1195,1,0.123,0.747673189
HP1197,1,0.748,0.917654126
HP1198,8,0.479,0.869503969
HP1199,1,0.652,0.849849013
HP1206,1,0.584,0.87919988
HP1207,2,0.0303,1.354675413
HP1210,3,5.7e-05,0.491864547
HP1213,4,0.00942,0.682935825
HP1214,1,8.66e-09,2.222129554
HP1215,1,0.0349,1.935642933
HP1219,1,0.884,1.073918236
HP1220,1,1.06e-11,2.954701256
HP1221,1,1.49e-09,2.78812194
HP1222,4,6.03e-09,2.559287366
HP1224,1,0.762,1.058163063
HP1226,1,0.0529,1.643375646
HP1229,2,0.614,0.919452968
HP1230,2,0.395,0.876029079
HP1232,1,0.0196,1.667749522
HP1235,1,0.000148,2.79239097
HP1236,2,0.00464,0.663651348
HP1237,1,0.196,0.830006617
HP1238,2,1.2e-13,3.57387866
HP1241,6,2.21e-13,0.377985325
HP1243,2,1.16e-06,0.430705769
HP1247,2,0.92,0.974666435
HP1248,2,0.0334,1.916478139
HP1249,1,1.13e-06,2.051616653
HP1252,1,0.0178,1.434589249
HP1262,1,0.819,1.050662178
HP1263,1,0.117,1.323123791
HP1265,1,0.000272,1.676468692
HP1266,3,0.631,1.097210175
HP1267,1,0.212,0.802887064
HP1271,1,0.5,0.880674024
HP1273,1,0.197,0.821882783
HP1274,1,0.0099,1.565845229
HP1275,1,0.29,0.852300072
HP1278,1,0.0911,1.297482808
HP1280,2,0.00609,1.773563459
HP1282,2,7.17e-08,2.90079357
HP1283,1,0.691,0.922556435
HP1284,1,0.0412,0.751929442
HP1287,1,0.462,1.150870115
HP1291,1,2.16e-13,0.177248557
HP1292,1,0.478,0.798982498
HP1300,3,0.211,0.788625047
HP1302,1,0.0292,0.610367602
HP1309,1,0.000968,0.525569071
HP1310,1,0.0117,0.54330962
HP1318,1,0.001,0.557657119
HP1322,2,8.77e-07,2.026891918
HP1325,1,2.36e-06,0.443721663
HP1328,2,0.114,1.717174922
HP1329,3,0.0961,1.655420268
HP1331,1,9.58e-10,2.47990071
HP1333,1,0.101,0.707124983
HP1334,1,0.154,0.505499624
HP1335,1,0.583,1.113878136
HP1336,1,2.45e-12,2.665276491
HP1341,1,0.129,1.320497783
HP1342,1,0.00172,1.592169903
HP1344,1,0.0314,0.740959486
HP1346,1,0.737,0.946876757
HP1348,1,0.0449,1.542907279
HP1349,3,0.194,1.219531135
HP1350,1,0.66,0.912959687
HP1352,1,0.257,0.840398633
HP1353,1,0.483,1.316597162
HP1354,2,0.207,0.809267615
HP1361,3,0.0183,1.671100205
HP1362,2,0.721,0.941632193
HP1363,3,0.011,1.574480743
HP1366,1,0.00947,1.636546191
HP1371,1,0.898,1.065347854
HP1373,1,0.414,0.864104933
HP1375,1,0.052,0.716611517
HP1383,1,0.809,0.96109196
HP1385,1,0.418,0.87066852
HP1387,2,0.000154,1.684311195
HP1393,1,0.166,1.363942723
HP1396,2,0.83,1.036538337
HP1397,1,0.254,0.821733223
HP1400,3,0.396,0.843939527
HP1402,1,0.418,1.127104938
HP1403,2,0.0759,0.762255247
HP1409,2,0.616,0.862285544
HP1410,1,1.0,0.999980885
HP1413,1,0.0203,0.720802175
HP1417,2,0.192,0.798645585
HP1420,1,7.26e-05,1.911394804
HP1421,1,0.00174,1.545207351
HP1422,1,0.255,0.820989159
HP1427,1,0.242,0.416787394
HP1428,1,8.79e-10,2.527230175
HP1431,1,3.47e-09,2.797541627
HP1433,1,3.04e-05,1.850216374
HP1435,2,0.0625,1.337510128
HP1437,1,0.586,1.239203484
HP1438,1,0.737,1.172891111
HP1440,1,0.683,1.095753464
HP1441,1,0.784,1.06022517
HP1450,1,0.00228,0.634667248
HP1452,1,0.873,1.035155076
HP1453,3,0.000245,0.530185985
HP1454,2,0.583,1.133102336
HP1456,1,0.638,0.886425879
HP1459,1,0.145,1.271295434
HP1460,1,0.537,0.899092659
HP1461,1,1.84e-06,2.04033478
HP1462,1,0.0353,1.464888947
HP1466,3,1.26e-06,2.186328425
HP1468,1,0.0821,0.741399205
HP1469,1,3.76e-10,0.33773637
HP1470,1,0.485,0.8986514
HP1471,1,0.789,1.067714324
HP1472,1,0.717,1.075740266
HP1473,2,0.00555,1.960255427
HP1476,2,0.4,0.872478872
HP1477,1,0.0184,1.809332549
HP1478,2,0.000464,1.89407062
HP1479,2,0.000956,1.733856581
HP1480,3,0.00831,1.523408312
HP1483,1,0.804,1.050432714
HP1487,1,0.123,1.290043338
HP1489,2,0.33,1.164261337
HP1491,1,0.0838,1.285362173
HP1494,2,6.63e-07,2.094924826
HP1498,1,0.000175,2.139968379
HP1499,1,2.34e-20,5.165225561
HP1501,2,5.85e-12,0.299408865
HP1503,1,0.295,0.79712577
HP1504,1,0.037,1.363453403
HP1507,1,0.00623,1.627693031
HP1512,1,4.11e-11,0.296148302
HP1514,3,0.0011,0.591393809
HP1517,3,0.578,0.900841997
HP1521,1,0.504,1.500611304
HP1522,3,0.314,0.849100785
HP1525,1,0.0939,1.355523798
HP1527,2,4.1099999999999995e-48,0.10025148
HP1530,3,0.508,0.891070546
HP1532,2,0.0386,0.749264382
HP1538,2,0.916,0.975455009
HP1540,2,0.611,1.118199628
HP1541,5,0.345,1.190793487
HP1547,1,0.174,1.264509856
HP1550,1,0.0345,0.724975026
HP1552,1,0.0363,0.749626558
HP1553,2,0.557,1.102236933
HP1555,1,0.595,1.114879595
HP1559,1,0.971,0.990636348
HP1560,1,0.00348,0.653469605
HP1561,1,1.65e-11,0.31418033
HP1563,1,0.0141,0.273388153
HP1565,3,0.925,1.037838874
HP1567,1,0.000105,2.160765493
HP1569,2,9.87e-07,2.034960692
HP1571,1,3.98e-10,2.522457811
HP1573,2,0.206,1.217331852
HP1574,1,9.25e-05,0.519495952
HP1583,1,4.97e-06,0.481975643
HP1589,2,0.0795,1.868915887
HP1590,1,0.000107,0.484238973
