motif,enzyme,type,http://rebase.neb.com/cgi-bin/pacbioget?1521,,
CATG                   58976,M.HpyAI,II alpha,,,
GATC                   41212,.HpyAIII,II beta,,,
GANTC                  20934,M.HpyAIV,II beta,,,
TCTTC                  19061,,,CCTTC?,M.HpyAV,II FUSED MM
RCGDAD                 18434,,,,,
GAGG                   18091,,,GACG?,,
GAAGA                  17226,M.HpyAXI,III beta,,,
GCAG                   17020,M.HpyAXI,III beta,,,
DGAAGG                  4540,,,,,
ATTAAT                  3822,M.HpyAVII,II gamma,,,
YCGRATD                 1872,,,,,
CTANNNNNNNNTGT          1318,M.HpyAXIII,I gamma,,,
TCGA                    1292,M.HpyAX,II beta,,,
ACANNNNNNNNTAG          1251,,,,,
GAAGA               958,M1.HpyAII,II beta,,,
GAGG 958,,,,,
GATC              776,M.HpyAIII,II beta,,,
"RCGDAD,  776",,,,,
"TCGA,               744",M.HpyAX,II beta,,,
"GATC, 744",M.HpyAIII,II beta,,,
"GAAGA,             540",M1.HpyAII,II beta,,,
"GANTC, 540",M.HpyAIV,II beta,,,
"GAAGA, 531",M1.HpyAII,II beta,,,
GATC               531,M.HpyAIII,II beta,,,
HTCAVNNNNNNTGY           385,,,,,
HHTCAVNNNNNNTGY          353,,,,,
TCGA 332,M.HpyAX,II beta,,,
]GANTC               332,,,,,
"RCGDAD,GAGG              314",,,,,
"RCGDAD,GANTC             292",,,,,
YCGAATC                  232,,,,,
"YCGRATD,GANTC            120",,,,,
ACAGNNNNNNTGA             73,,,,,
GAGG 64,,,,,
TCGA                64,M.HpyAX,II beta,,,
CATG 64,,,,,
ACANNNNNNNNTAG      64,,,,,
GCGCGVATNNNNNNNH          60,M.HpyAI,II alpha,,,
GCGTAC                    57,M.HpyAORF502P,II gamma FRAMESHIFT,GTAC?,,
YCGAAGG                   21,,,,,